<?xml version='1.0' encoding='utf-8' standalone='yes' ?>
<map>
    <long name="first_open_time" value="1768709470016" />
    <string name="gmp_app_id">1:544458187694:android:d8ae8c1fbdcf21fc571e3f</string>
    <string name="app_instance_id">3007e89137748abec799d4a8e32b985c</string>
    <long name="session_id" value="1768709471" />
    <boolean name="app_backgrounded" value="true" />
    <long name="health_monitor:start" value="1768709470882" />
    <boolean name="use_service" value="true" />
    <boolean name="deferred_analytics_collection" value="false" />
    <string name="previous_os_version">15</string>
    <boolean name="has_been_opened" value="true" />
    <boolean name="allow_remote_dynamite" value="true" />
    <long name="last_pause_time" value="1768709571490" />
    <boolean name="start_new_session" value="false" />
</map>
