{"configs_key":{"app_rating_data":"{\"enabled\": true, \"feedbackBand\": 4, \"afterNEpisode\": 5}","url_terms_and_condition":"https:\/\/www.reelsaga.in\/terms-of-use","continue_watching_mobile_notification_control":"{\"enable\":true,\"back_off_time_in_seconds\":21600,\"messageId\":\n            1,\"notificationId\":1,\"notificationTitle\":\"Continue\n            Watching\",\"channelId\":\"continue-watching\",\"channelName\":\"Continue\n            Watching\",\"channelDesc\":\"Continue Watching\",\"priority\":\"high\"}","play_episode_page_list_item_count":"50","msg91_widget_id_dev":"35626d666264323033303537","in_app_update":"false","show_login_as_nudge":"true","top_auto_pay_upi_apps_json_data_v1":" [{\"packageName\":\"com.phonepe.app\",\"isPreferred\":true,\"miniCheckoutPriority\":1},{\"packageName\":\"com.google.android.apps.nbu.paisa.user\",\"isPreferred\":true,\"miniCheckoutPriority\":2}] ","msg91_widget_id":"35646967504f373931373039","show_mini_checkout":"false","razorpay_key":"rzp_live_RK655BZcEkgNCJ","default_appsflyer_share_link":"https:\/\/reelsaga.onelink.me\/06Ow\/rb2oe8jy","watch_episodes_playing_idle_time_in_sec":"6000","image_loader_thread_size":"20","razorpay_key_dev":"rzp_test_RDWyNAVr4GeXUG","app_landing_page":"home","msg91_token":"441248Tn7sHDib67b5878bP1","fb_level_achieved_x":"22","trailer_playing_idle_time_in_sec":"6000","age_group_list":"[\"13-17\", \"18-24\", \"25-34\", \"35-49\", \"50+\"]","pip_mode_enabled":"false","url_privacy_policy":"https:\/\/www.reelsaga.in\/privacy-policy"},"fetch_time_key":0,"abt_experiments_key":[],"personalization_metadata_key":{},"template_version_number_key":0,"rollout_metadata_key":[]}