{"configs_key":{"age_group_list":"[\"13-17\", \"18-24\", \"25-34\", \"35-49\", \"50+\"]","app_landing_page":"home","app_rating_data":"{\"enabled\": true, \"feedbackBand\": 4, \"afterNEpisode\": 5}","auto_play_show_on_first_install_from_section":"Popular Shows","continue_watching_mobile_notification_control":"{\"enable\":true,\"back_off_time_in_seconds\":21600,\"messageId\":1,\"notificationId\":1,\"notificationTitle\":\"Continue Watching\",\"channelId\":\"continue-watching\",\"channelName\":\"Continue Watching\",\"channelDesc\":\"Continue Watching\",\"priority\":\"high\"}","default_appsflyer_share_link":"https:\/\/reelsaga.onelink.me\/06Ow\/rb2oe8jy","dev_device_id":"[\"b1ac461c620ee723\",\"5e967879330f68b2\", \"25a26d5f7cfb30a3\", \"b6e0629b0424cca9\"]","fb_level_achieved_x":"22","fcm_topic_data":"{ \"actives\": [\"all\", \"new-launch\", \"trending\"], \"inactives\": [] }","free_trial_pitch_variant":"text","free_trial_ribbon_strip_url":"https:\/\/static.wpsocket.com\/plugin\/dummy-images\/banner-772x250.png","google_play_product_json_data":"{\"productId\": \"1\",\"productType\": \"subs\" }","image_loader_thread_size":"40","in_app_update":"true","msg91_token":"441248Tn7sHDib67b5878bP1","msg91_widget_id":"35646967504f373931373039","msg91_widget_id_dev":"35626d666264323033303537","payment_state_check_data":"{\"retryTimes\": 5, \"delayInMs\": 1000}","play_episode_page_list_item_count":"50","razorpay_key":"rzp_live_RK655BZcEkgNCJ","razorpay_key_dev":"rzp_test_RDWyNAVr4GeXUG","show_login_as_nudge":"true","show_mini_checkout":"true","subscription_cancel_benefits":"[{\"icon\":\"https:\/\/dsmjhykc753wb.cloudfront.net\/assets\/rupee-yellow.webp\",\"description\":\"Convenience, you don’t need to remember to renew your subscription\"},{\"icon\":\"https:\/\/dsmjhykc753wb.cloudfront.net\/assets\/lock-yellow.webp\",\"description\":\"Autopay keeps all titles unlocked. you will loose access if you turn off Autopay\"}]","top_auto_pay_upi_apps_json_data":"[   {     \"packageName\": \"com.phonepe.app\",     \"isPreferred\": true   },   {     \"packageName\": \"com.google.android.apps.nbu.paisa.user\",     \"isPreferred\": true   } ]","top_auto_pay_upi_apps_json_data_v1":"[   {     \"packageName\": \"com.phonepe.app\",     \"isPreferred\": true,     \"miniCheckoutPriority\": 1   },   {     \"packageName\": \"com.google.android.apps.nbu.paisa.user\",     \"isPreferred\": true,     \"miniCheckoutPriority\": 2   } ]","trailer_playing_idle_time_in_sec":"6000","un_used_notification_channel_ids":"[     0,     1,     2   ]","url_privacy_policy":"https:\/\/www.reelsaga.in\/privacy-policy","url_terms_and_condition":"https:\/\/www.reelsaga.in\/terms-of-use","watch_episodes_playing_idle_time_in_sec":"6000"},"fetch_time_key":1768709471828,"abt_experiments_key":[{"experimentId":"_exp_10","variantId":"0","triggerEvent":"start_trial_page_view","experimentStartTime":"2026-01-05T06:53:25.959Z","triggerTimeoutMillis":"15552000000","timeToLiveMillis":"15552000000"}],"personalization_metadata_key":{},"template_version_number_key":114,"rollout_metadata_key":[]}