{"Fid":"eEBaYRbUSC2n2Cfm-scPPL","Status":3,"AuthToken":"eyJhbGciOiJFUzI1NiIsInR5cCI6IkpXVCJ9.eyJhcHBJZCI6IjE6NTQ0NDU4MTg3Njk0OmFuZHJvaWQ6ZDhhZThjMWZiZGNmMjFmYzU3MWUzZiIsImV4cCI6MTc2OTMxNDI3MSwiZmlkIjoiZUVCYVlSYlVTQzJuMkNmbS1zY1BQTCIsInByb2plY3ROdW1iZXIiOjU0NDQ1ODE4NzY5NH0.AB2LPV8wRQIgSc6VvPPsyps29oG86GSqUufcjiIrR2vg_q-ROt507H8CIQDe5CKQI-bAabvpo1rnFE5kv3LDx_4iD3AzALScJMatEA","RefreshToken":"3_AS3qfwKD2fbt7D3yEdNWTwQ8wpmngfXVbsesODhuG3D12RMYBRqlL6rGUL8YRFccB5Q3L_UfTaagg1CdRcV3yUDfD4e-x3HyqLi-iyKf6UDPm0s","TokenCreationEpochInSecs":1768709471,"ExpiresInSecs":604800}